{"mean":{"confidence_interval":{"confidence_level":0.95,"lower_bound":366174206.19475,"upper_bound":368864407.09},"point_estimate":367349942.48,"standard_error":684436.8804214412},"median":{"confidence_interval":{"confidence_level":0.95,"lower_bound":365178000.0,"upper_bound":367027833.0},"point_estimate":366091187.0,"standard_error":494166.052642665},"median_abs_dev":{"confidence_interval":{"confidence_level":0.95,"lower_bound":2658302.4941056967,"upper_bound":4699965.713658929},"point_estimate":3533931.968960166,"standard_error":536574.7824576993},"slope":null,"std_dev":{"confidence_interval":{"confidence_level":0.95,"lower_bound":3345242.4383223196,"upper_bound":10251299.06012171},"point_estimate":6878485.797973369,"standard_error":1917045.6556140112}}